id,ed,inc,pop,cases
0,27.7,59338.0,55869.0,789
3,11.5,46064.0,22394.0,255
4,12.6,50412.0,57826.0,440
5,13.3,29267.0,10101.0,393
6,16.1,37365.0,19448.0,672
8,13.2,39917.0,33254.0,742
10,14.2,47547.0,44428.0,418
13,10.2,39201.0,13235.0,98
14,13.7,46495.0,14910.0,67
15,23.4,55122.0,52342.0,503
16,18.7,49055.0,55241.0,680
17,10.7,32613.0,12067.0,273
18,11.6,42423.0,10663.0,69
19,14.9,40203.0,37049.0,523
20,15.6,39057.0,13772.0,150
21,13.7,45796.0,83768.0,772
22,17.0,45309.0,49172.0,493
23,15.1,34035.0,37196.0,1103
24,12.7,39491.0,71513.0,1227
26,12.7,38418.0,36633.0,603
27,17.7,44903.0,102268.0,1259
28,12.9,39254.0,16302.0,115
29,12.9,39388.0,31362.0,1001
30,11.1,37823.0,26271.0,118
31,10.1,28524.0,8111.0,212
32,14.1,34724.0,14651.0,392
36,32.4,55013.0,658573.0,8201
37,12.5,40936.0,13805.0,115
39,11.7,43909.0,32924.0,176
40,34.1,48937.0,164542.0,1980
41,25.5,64863.0,98915.0,796
42,14.1,33973.0,9726.0,508
44,41.7,63755.0,372909.0,3190
46,13.1,37887.0,29709.0,389
47,19.2,46233.0,96774.0,2287
48,22.9,43598.0,413210.0,5740
49,14.1,39556.0,20733.0,316
54,23.6,37259.0,33114.0,530
56,16.5,39104.0,57961.0,868
57,16.5,57284.0,89512.0,766
58,42.1,75663.0,217702.0,2110
59,21.8,27859.0,12427.0,313
60,14.3,41630.0,79978.0,580
61,18.3,42205.0,40367.0,693
63,11.6,45434.0,63521.0,1220
64,11.1,44424.0,16326.0,194
65,12.5,25385.0,10373.0,340
66,13.5,41156.0,23629.0,339
68,23.0,49164.0,125922.0,1186
71,15.3,50157.0,38837.0,240
72,11.9,65818.0,9498.0,38
77,31.9,53395.0,1047279.0,13058
78,19.0,58848.0,462789.0,6420
79,21.0,40545.0,46498.0,2270
81,14.8,44116.0,213787.0,9043
82,15.5,43887.0,17486.0,98
83,13.2,41127.0,19657.0,117
84,18.3,39686.0,41932.0,34
85,32.4,68978.0,279141.0,3661
87,15.2,37729.0,10763.0,87
89,20.4,45023.0,28380.0,251
90,14.7,31787.0,10118.0,245
93,14.9,44902.0,24919.0,148
95,20.6,40909.0,23457.0,119
96,16.0,44565.0,20846.0,104
97,26.3,45615.0,110332.0,650
98,15.3,47363.0,63257.0,310
99,18.0,42606.0,47955.0,906
100,15.4,41214.0,16419.0,107
101,13.7,37259.0,7009.0,20
102,12.4,36132.0,11361.0,89
103,20.6,42494.0,18219.0,102
105,11.8,43696.0,17715.0,35
106,11.8,35630.0,12477.0,18
108,18.3,52050.0,18265.0,69
109,15.9,46512.0,45325.0,158
110,15.1,38682.0,21532.0,101
111,14.7,47205.0,33771.0,1310
114,13.8,37828.0,13629.0,26
117,15.8,39381.0,26578.0,455
119,15.0,40308.0,16406.0,123
122,11.4,43559.0,12259.0,55
123,12.1,41471.0,21466.0,97
124,20.3,56651.0,73309.0,234
125,12.5,42674.0,16576.0,226
128,12.8,36718.0,40651.0,375
129,10.5,32922.0,6701.0,29
130,10.8,38318.0,8986.0,12
131,15.4,37626.0,8252.0,114
132,16.2,36078.0,7753.0,13
133,16.0,37624.0,23382.0,38
135,14.0,29945.0,17782.0,193
136,14.7,41534.0,10718.0,27
138,13.3,39048.0,19964.0,98
141,34.1,49957.0,391911.0,3425
142,14.0,37799.0,17958.0,87
143,10.6,33257.0,24994.0,931
144,26.1,63677.0,122437.0,540
145,9.1,35826.0,10281.0,18
146,12.5,31659.0,7881.0,18
147,19.7,46843.0,127827.0,1025
148,11.5,44100.0,17007.0,829
149,11.3,36032.0,17442.0,75
151,20.8,45335.0,38682.0,287
152,14.1,40486.0,16545.0,37
153,32.8,50893.0,239187.0,4860
155,12.0,34306.0,6320.0,16
158,30.0,55384.0,1129.0,2
160,26.5,50945.0,219186.0,522
161,18.7,62984.0,45905.0,82
162,15.4,57249.0,21547.0,147
163,41.7,101463.0,1153526.0,5378
164,14.3,48518.0,27812.0,62
166,20.7,52318.0,999101.0,9481
167,13.9,47365.0,28393.0,190
168,29.8,49471.0,135558.0,184
169,14.5,46633.0,181215.0,8397
171,16.1,51586.0,900202.0,7435
172,13.5,58255.0,152940.0,3172
173,15.8,45086.0,64386.0,140
174,12.0,57705.0,30573.0,488
175,31.8,67986.0,10039107.0,148000
177,58.8,122933.0,258826.0,3546
179,24.7,51386.0,86749.0,177
180,14.0,56169.0,277680.0,2313
181,15.9,45227.0,8841.0,1
184,34.9,85624.0,137744.0,583
185,36.6,66681.0,99755.0,204
187,38.6,89175.0,398329.0,1235
188,23.5,55079.0,18807.0,16
189,21.8,66793.0,2470546.0,28904
190,30.4,69475.0,1552058.0,6510
193,38.1,78777.0,3338330.0,21920
195,18.4,63567.0,762148.0,7819
196,34.6,70626.0,283111.0,1213
201,22.2,53908.0,180080.0,220
202,18.7,52308.0,3005.0,1
203,22.5,47560.0,43539.0,44
205,34.9,81002.0,494336.0,2027
206,16.9,59616.0,550660.0,6077
207,17.7,57879.0,96971.0,471
209,19.7,40680.0,12285.0,3
210,14.3,48763.0,466195.0,6683
211,20.0,56500.0,54478.0,84
213,41.6,67804.0,220500.0,1062
214,16.7,47504.0,78668.0,236
216,26.1,42897.0,16233.0,206
217,42.2,76665.0,656590.0,5854
219,22.1,38294.0,3581.0,14
223,33.5,56168.0,20356.0,124
224,20.0,54504.0,1831.0,5
225,46.5,74019.0,9700.0,23
226,20.2,38777.0,8205.0,19
227,19.1,31557.0,3887.0,22
228,9.6,35880.0,6061.0,71
230,21.2,46786.0,31162.0,86
233,57.9,120670.0,351154.0,1263
235,35.9,98247.0,26729.0,67
236,37.9,67923.0,720403.0,3463
237,18.2,47885.0,47839.0,68
238,30.0,74421.0,60061.0,469
240,37.8,69214.0,15734.0,32
241,55.3,61268.0,17462.0,193
242,43.9,62149.0,820.0,3
243,21.4,38242.0,6897.0,5
247,18.9,48342.0,7097.0,36
248,34.0,51802.0,8127.0,57
250,46.3,71306.0,356899.0,1009
254,27.4,51132.0,154210.0,163
255,39.9,60210.0,769.0,17
258,23.9,52576.0,42758.0,225
259,17.6,55387.0,29068.0,663
260,17.7,40064.0,18278.0,24
263,25.5,52367.0,4265.0,16
264,63.1,89034.0,17767.0,144
265,17.4,42455.0,12172.0,42
267,20.2,63411.0,6324.0,6
268,23.7,44171.0,11267.0,82
273,20.8,40009.0,2248.0,4
274,51.0,80078.0,31011.0,298
279,47.4,91183.0,943332.0,17069
280,37.8,73037.0,891720.0,12046
282,41.5,88709.0,162436.0,1357
286,24.1,65182.0,116782.0,651
287,23.6,54980.0,180786.0,1978
288,35.9,69562.0,558753.0,5981
289,26.5,59821.0,234225.0,5244
290,42.5,51026.0,269043.0,2465
291,13.4,52804.0,29210.0,215
292,22.8,51777.0,174705.0,1737
293,10.6,45075.0,28201.0,180
294,29.3,57612.0,601942.0,3945
295,31.9,57200.0,1952778.0,36913
297,23.2,52724.0,188910.0,1342
299,24.1,62835.0,219252.0,1900
300,36.2,70649.0,384902.0,7314
301,15.6,46195.0,71686.0,1150
303,9.4,37148.0,16826.0,155
304,29.2,55733.0,957755.0,15641
305,26.4,50644.0,318316.0,5346
306,24.4,58975.0,115081.0,600
307,17.1,40297.0,12125.0,50
308,16.7,42259.0,45660.0,735
309,14.2,42186.0,18582.0,191
312,9.3,36299.0,14428.0,498
313,10.4,39169.0,26937.0,677
315,17.5,45884.0,193920.0,1077
316,17.0,39994.0,106221.0,687
317,32.7,58361.0,1471968.0,22502
318,10.3,38040.0,19617.0,275
322,15.8,42689.0,8422.0,67
323,22.7,52447.0,367118.0,3139
324,27.8,56343.0,770577.0,12042
325,45.7,51046.0,293582.0,2816
326,12.6,39037.0,41503.0,325
329,29.3,59587.0,403253.0,6133
332,28.8,52043.0,2716940.0,77866
333,33.3,67094.0,74228.0,768
334,28.2,66898.0,88625.0,660
335,30.6,62779.0,210738.0,1697
336,11.4,42258.0,42168.0,610
338,20.5,50473.0,375751.0,5556
339,35.7,61735.0,1496770.0,24359
340,23.4,53788.0,553947.0,4654
341,31.0,52226.0,974996.0,12714
344,43.7,81925.0,264672.0,2270
345,20.3,53377.0,328297.0,3411
346,28.1,69541.0,184313.0,1740
347,34.7,61652.0,433742.0,3880
348,38.2,67187.0,471826.0,5030
349,31.1,55324.0,132420.0,770
350,14.7,38525.0,44417.0,863
351,7.4,42307.0,21569.0,192
352,8.3,45906.0,15237.0,139
353,23.6,50285.0,553284.0,4768
354,18.4,58203.0,33739.0,235
355,28.4,60973.0,74071.0,727
356,11.7,39225.0,25473.0,233
358,9.9,36779.0,8165.0,223
359,10.1,38775.0,11164.0,327
360,12.3,38288.0,3038.0,45
361,20.9,42727.0,44890.0,721
362,12.8,55384.0,19234.0,177
363,17.6,61413.0,83240.0,725
365,12.0,35020.0,16700.0,259
366,11.8,39412.0,19397.0,194
367,25.7,41390.0,153159.0,2077
368,17.2,46019.0,12873.0,102
369,8.2,41874.0,19109.0,166
371,32.6,79658.0,39627.0,328
374,11.4,48831.0,24936.0,358
375,9.4,33393.0,6189.0,173
376,24.5,56555.0,54666.0,337
377,14.1,35841.0,10803.0,125
378,20.6,52502.0,119992.0,1260
380,10.5,40499.0,13392.0,171
381,33.2,54165.0,289430.0,3106
383,9.8,39513.0,24789.0,89
385,42.7,42112.0,128331.0,1140
386,7.9,30239.0,2834.0,65
388,11.1,37593.0,6618.0,125
392,35.1,82184.0,156714.0,1123
393,15.5,38827.0,17270.0,278
397,13.9,48779.0,16116.0,84
398,30.4,68835.0,26108.0,194
400,43.4,63477.0,759297.0,9308
403,21.4,38806.0,87956.0,2243
406,8.8,38667.0,4006.0,205
408,10.8,39681.0,19194.0,224
410,15.5,37319.0,10654.0,80
412,46.5,95021.0,114421.0,612
413,20.4,44906.0,98498.0,829
415,13.5,42904.0,23349.0,281
416,51.4,70808.0,1063937.0,12584
419,29.6,53906.0,85292.0,1734
420,14.4,49101.0,57963.0,653
421,14.1,41002.0,24633.0,276
422,25.8,54016.0,18324.0,156
423,36.1,72008.0,936250.0,12897
428,29.9,74686.0,35236.0,485
429,15.1,47171.0,26205.0,136
430,9.8,46218.0,11923.0,93
431,28.3,72970.0,234561.0,2027
432,27.3,60728.0,157863.0,1161
434,21.0,68984.0,72977.0,590
435,10.8,51241.0,14219.0,101
436,10.0,37211.0,15115.0,196
438,9.3,31419.0,8676.0,182
439,10.4,34849.0,9643.0,146
440,20.1,55737.0,28735.0,156
442,16.4,41564.0,10423.0,175
445,18.3,47685.0,61435.0,329
446,13.5,46967.0,7921.0,83
448,25.6,41820.0,117406.0,2093
449,26.2,55583.0,33610.0,193
454,13.1,39114.0,8359.0,108
455,11.5,38886.0,21167.0,277
457,11.1,36788.0,21863.0,515
458,26.3,59362.0,27578.0,283
460,20.8,57978.0,19276.0,100
461,9.4,46810.0,40096.0,347
462,26.2,46628.0,195769.0,3196
463,19.6,56598.0,111744.0,1098
464,51.1,99497.0,40280.0,268
465,16.9,51105.0,15259.0,131
466,24.1,73309.0,168667.0,966
467,19.4,46525.0,27546.0,184
469,11.9,44389.0,19465.0,298
471,12.2,43679.0,42613.0,399
472,12.4,40582.0,11137.0,63
474,9.1,33908.0,2299.0,24
476,11.7,28298.0,6778.0,222
478,26.5,59673.0,90896.0,803
480,14.2,39048.0,13966.0,132
482,16.4,43510.0,66703.0,629
483,22.1,45850.0,25925.0,383
485,18.6,37562.0,29524.0,657
486,12.0,37265.0,6195.0,102
488,13.2,41440.0,25286.0,235
489,11.2,36310.0,8020.0,49
490,8.4,34297.0,15860.0,200
492,23.1,41642.0,44451.0,673
493,16.5,45680.0,40644.0,1093
496,13.6,35069.0,6901.0,53
497,18.5,45234.0,69922.0,1841
498,12.5,33261.0,7985.0,211
499,9.4,42054.0,8120.0,51
500,22.4,45943.0,24511.0,134
501,13.7,40965.0,26320.0,407
502,15.9,43767.0,69761.0,402
503,19.9,65416.0,94593.0,613
507,12.9,44607.0,29927.0,242
508,11.7,38187.0,2607.0,35
511,15.7,47074.0,104628.0,2070
516,29.5,56383.0,201513.0,109
519,29.5,73981.0,72293.0,43
523,27.2,51300.0,87808.0,205
524,20.3,53780.0,6125.0,6
525,15.1,48451.0,9298.0,34
528,27.2,56837.0,7831.0,13
529,23.1,51373.0,45739.0,93
530,30.1,60444.0,119062.0,265
534,18.3,53381.0,229849.0,2730
535,19.9,61219.0,7155.0,23
536,18.6,51804.0,24030.0,342
537,15.5,48471.0,845.0,0
542,20.9,51155.0,13099.0,16
546,22.6,61927.0,29871.0,42
547,14.9,54020.0,24412.0,337
548,24.9,56188.0,165697.0,966
550,21.1,44248.0,8027.0,4
552,10.1,50464.0,5366.0,43
554,13.4,53447.0,21039.0,288
555,21.9,54476.0,40408.0,116
556,15.5,52602.0,4531.0,8
558,14.2,51835.0,23951.0,221
560,11.6,36085.0,12882.0,20
562,20.6,51594.0,86878.0,894
563,30.1,60285.0,11392.0,32
565,24.8,55174.0,65435.0,232
566,11.3,35249.0,5761.0,29
567,21.8,54800.0,16426.0,24
569,13.7,55327.0,6578.0,10
571,13.6,56099.0,4739.0,2
572,18.1,51963.0,14305.0,22
573,14.6,52486.0,12147.0,145
575,16.6,52936.0,32304.0,54
576,17.6,54092.0,15441.0,48
577,15.2,45427.0,13184.0,8
578,22.5,66597.0,37562.0,264
580,38.0,63347.0,5150233.0,97790
581,16.6,52313.0,18667.0,21
583,31.4,63274.0,104897.0,714
584,21.3,55300.0,15638.0,19
587,16.7,51577.0,17161.0,21
589,22.5,60773.0,34008.0,38
590,11.7,47484.0,21336.0,32
591,20.2,55357.0,12961.0,32
593,17.6,51258.0,34340.0,18
594,9.9,43330.0,4828.0,9
595,12.4,47314.0,12969.0,13
597,18.3,53028.0,8116.0,8
598,21.3,53553.0,17708.0,22
599,11.2,41713.0,3821.0,5
600,15.4,53632.0,6646.0,8
601,22.6,58042.0,48913.0,133
602,15.4,55247.0,27114.0,180
603,36.0,41445.0,56750.0,381
604,17.5,54552.0,9610.0,48
605,17.4,47425.0,37684.0,125
607,23.8,56832.0,21235.0,58
609,33.1,79834.0,532403.0,8352
610,21.0,53884.0,109862.0,1564
611,35.4,93345.0,128990.0,1152
612,18.5,44553.0,49699.0,181
613,45.0,87336.0,696535.0,10707
615,13.5,43767.0,15678.0,18
616,17.7,54915.0,34096.0,112
617,15.7,59323.0,35648.0,58
618,20.4,52959.0,28618.0,33
619,32.4,42887.0,29682.0,112
620,33.7,86268.0,307774.0,2418
621,44.8,67087.0,171517.0,368
623,19.4,53409.0,44926.0,83
626,16.8,57422.0,11438.0,14
627,15.4,48764.0,13359.0,32
630,17.8,58384.0,15437.0,30
631,32.5,88481.0,34637.0,186
634,19.5,59901.0,14501.0,28
635,20.0,61794.0,50643.0,343
636,30.4,56478.0,179179.0,794
637,11.7,49965.0,20916.0,63
638,27.9,67460.0,16344.0,24
639,15.1,47815.0,15561.0,9
640,13.4,43053.0,4177.0,2
642,14.6,66319.0,5739.0,1
643,12.8,53607.0,31782.0,344
646,27.3,58222.0,259686.0,2732
647,17.8,40761.0,23491.0,33
648,34.2,62242.0,194672.0,632
650,15.0,55198.0,4951.0,1
651,16.9,56509.0,21634.0,27
652,17.5,52651.0,5342.0,6
653,19.3,47357.0,44498.0,287
654,26.4,61508.0,131803.0,212
655,22.8,49716.0,16653.0,222
656,15.1,44638.0,75758.0,104
657,17.2,53414.0,11520.0,23
658,23.0,53532.0,16844.0,150
659,20.6,66937.0,13887.0,29
661,15.2,49507.0,13537.0,24
664,22.6,46187.0,66597.0,186
665,22.6,53795.0,282572.0,3303
666,31.6,72247.0,38459.0,60
667,15.3,56693.0,35777.0,55
669,32.3,63067.0,83779.0,625
670,16.9,51649.0,8748.0,124
671,13.6,45161.0,11758.0,47
672,48.3,85876.0,67843.0,843
673,27.4,60944.0,15092.0,50
674,17.2,57092.0,20257.0,1251
675,13.9,48598.0,37689.0,1664
677,16.8,52699.0,26225.0,607
678,16.6,51730.0,32399.0,301
679,11.4,44152.0,10577.0,105
680,13.8,55434.0,33351.0,159
681,21.6,66502.0,49458.0,302
682,19.6,57441.0,26559.0,279
683,17.7,58987.0,43475.0,9308
684,24.3,43096.0,114135.0,7808
685,22.2,62126.0,42736.0,388
687,11.6,47737.0,23102.0,235
688,29.5,64992.0,78522.0,458
689,15.0,53493.0,16346.0,43
691,14.4,52798.0,19974.0,12584
692,17.4,56960.0,33659.0,146
696,30.3,73831.0,78168.0,489
697,17.4,60379.0,40515.0,227
700,21.2,55365.0,82544.0,2989
701,19.0,53809.0,36520.0,100
702,15.5,55518.0,44231.0,215
704,10.6,48392.0,20436.0,77
705,17.9,51031.0,32308.0,3174
706,11.1,51560.0,27735.0,185
707,31.8,69880.0,158167.0,1437
708,16.4,48606.0,36594.0,2139
709,22.7,57367.0,79456.0,614
710,10.4,67498.0,39614.0,499
711,22.1,55280.0,485493.0,6022
712,17.9,52095.0,109888.0,672
713,15.5,53187.0,45370.0,267
714,18.0,49522.0,129569.0,715
715,30.4,48409.0,964582.0,12617
716,20.5,55766.0,46258.0,636
717,13.4,55444.0,10255.0,3023
719,45.6,48883.0,148431.0,419
720,18.1,53700.0,38338.0,16191
722,11.2,53060.0,13984.0,102
724,13.7,58022.0,5875.0,72280
727,12.2,49639.0,16937.0,33
728,14.9,52332.0,19169.0,166
729,13.7,54265.0,12389.0,131
730,28.2,69298.0,170389.0,905
734,14.3,46441.0,24665.0,108
737,29.2,54674.0,271826.0,2400
738,11.9,44913.0,23873.0,1249
740,14.9,56862.0,20277.0,85
742,20.6,58295.0,34594.0,145
744,9.9,47713.0,10751.0,35
745,37.7,52269.0,195732.0,829
746,23.0,60896.0,15148.0,780
750,24.5,48335.0,107038.0,279
751,18.4,51487.0,30996.0,126
753,29.6,75534.0,62998.0,315
755,18.2,45130.0,65884.0,24939
756,18.1,60010.0,28296.0,106
757,16.8,58380.0,24102.0,290
758,20.9,67758.0,33964.0,113
760,17.7,51577.0,3602.0,12
761,18.5,53359.0,13687.0,139
763,14.6,51210.0,5496.0,19
764,22.6,62799.0,25645.0,87
766,24.8,63099.0,26234.0,178
767,30.3,74646.0,25062.0,131
769,19.6,52683.0,19620.0,1748
770,17.5,57971.0,14439.0,79
771,19.5,54865.0,9668.0,67
773,19.6,50356.0,12836.0,29
774,23.0,67597.0,18627.0,104
778,16.9,52541.0,9395.0,152
779,22.6,56338.0,16016.0,155
780,17.2,53968.0,17549.0,54
782,12.8,54828.0,16820.0,685
783,49.4,87267.0,93453.0,1497
786,16.6,61342.0,17011.0,62
788,31.3,55603.0,17258.0,323
790,20.2,51497.0,9208.0,110
791,19.8,50893.0,19650.0,63
793,17.7,59367.0,10070.0,128
794,19.3,54658.0,6960.0,13
797,19.8,60306.0,10689.0,94
799,23.1,60859.0,10630.0,73
800,19.8,55303.0,16846.0,98
801,18.8,60044.0,14049.0,68
802,20.1,55856.0,19954.0,98
804,20.8,60166.0,9558.0,68
806,19.1,64188.0,16184.0,64
807,18.8,54663.0,19439.0,84
809,31.6,46715.0,18295.0,64
810,53.0,64387.0,151140.0,1594
811,18.4,55405.0,20681.0,85
812,18.2,52122.0,10246.0,23
813,18.3,55486.0,14813.0,61
816,14.2,49585.0,11035.0,368
820,22.3,56492.0,22095.0,125
821,26.4,63491.0,33253.0,96
822,19.0,59552.0,39369.0,1153
823,23.7,64271.0,15109.0,58
827,17.5,49966.0,9917.0,18
828,22.0,58465.0,42664.0,722
832,25.0,55322.0,8886.0,57
836,21.2,56337.0,93206.0,895
837,25.1,56170.0,18504.0,114
838,20.6,48754.0,4894.0,17
839,20.6,56698.0,9721.0,72
840,31.9,59865.0,172943.0,1249
842,28.1,70162.0,34855.0,526
843,51.1,57464.0,97117.0,920
844,16.1,56954.0,16854.0,503
845,14.9,47781.0,6121.0,81
847,14.1,47905.0,7044.0,21
848,18.0,48226.0,34969.0,726
850,21.5,65849.0,21965.0,257
851,13.0,46725.0,6441.0,11
852,19.6,52093.0,35904.0,465
853,22.4,54433.0,10354.0,52
854,29.7,61807.0,19991.0,53
855,23.0,60059.0,103107.0,3418
856,15.5,58587.0,7381.0,32
858,20.4,44423.0,12369.0,9
859,17.5,50646.0,7858.0,22
861,18.3,47634.0,4427.0,3
862,18.4,49991.0,25779.0,74
864,21.8,47529.0,9564.0,24
866,21.6,50981.0,2648.0,6
867,16.8,41129.0,3250.0,5
868,19.1,44475.0,19939.0,59
870,31.5,51235.0,1994.0,36
871,27.2,52681.0,8002.0,12
872,22.5,44467.0,8786.0,27
874,18.6,46818.0,1700.0,3
876,29.5,43852.0,38818.0,332
877,23.5,44774.0,2827.0,4
879,19.3,50949.0,7600.0,28
880,50.4,57120.0,122259.0,504
881,17.9,46962.0,2798.0,9
882,15.0,37360.0,2530.0,1
884,20.4,50261.0,6102.0,14
885,17.1,56206.0,36467.0,1624
886,17.6,56052.0,33619.0,2053
887,19.5,58033.0,25544.0,104
888,21.9,50856.0,31670.0,139
889,22.7,49626.0,2636.0,2
890,26.2,41906.0,2482.0,13
893,29.0,51606.0,1232.0,2
894,19.6,43083.0,5982.0,11
895,18.2,51559.0,2539.0,38
896,17.1,45570.0,5436.0,4
897,31.0,57934.0,34429.0,108
898,16.3,60808.0,3968.0,35
900,21.3,56330.0,13171.0,126
901,21.9,69246.0,19043.0,41
902,16.9,44271.0,2879.0,5
903,55.3,87087.0,602401.0,3654
905,24.2,56005.0,7152.0,5
907,17.8,44571.0,19618.0,86
909,31.7,70807.0,81758.0,1274
910,22.6,44439.0,2962.0,5
911,16.0,47153.0,9703.0,21
912,17.6,50267.0,2794.0,2
913,27.3,47982.0,33195.0,550
917,20.1,67220.0,4033.0,34
919,25.3,51514.0,5979.0,19
920,18.2,42479.0,31829.0,74
922,17.1,53785.0,2587.0,7
923,24.5,59567.0,10231.0,36
924,20.6,46176.0,16007.0,49
925,18.9,51757.0,2750.0,5
926,15.9,47252.0,5361.0,22
927,18.6,53864.0,15949.0,33
928,23.0,46101.0,3421.0,3
931,22.3,47405.0,5234.0,35
932,34.5,69975.0,24383.0,98
933,28.1,52567.0,9164.0,24
935,20.5,49341.0,61998.0,155
936,24.5,48566.0,4636.0,21
937,23.2,51686.0,9537.0,12
938,46.0,47057.0,74232.0,382
939,24.0,47365.0,4920.0,10
940,23.1,44121.0,3036.0,4
941,25.9,45879.0,6856.0,4
944,30.9,56381.0,516042.0,2790
946,30.8,53612.0,176875.0,1146
949,19.1,41899.0,3583.0,3
950,23.9,47835.0,4156.0,2
951,19.3,60136.0,2006.0,12
952,12.2,58817.0,5485.0,39
953,22.2,56946.0,22836.0,58
954,25.5,55345.0,7777.0,19
955,22.8,48520.0,2803.0,3
959,21.1,59800.0,2119.0,1
960,14.4,45697.0,8525.0,5
961,13.5,43894.0,3138.0,10
962,17.4,47084.0,165429.0,3603
964,14.6,44624.0,21315.0,198
965,20.3,60908.0,22747.0,34
966,13.3,47658.0,7888.0,25
967,16.0,42439.0,44249.0,154
968,12.4,44183.0,12500.0,23
970,31.6,77696.0,133581.0,801
971,18.9,48614.0,19788.0,52
972,20.2,48020.0,46718.0,111
975,14.3,31182.0,12630.0,16
976,11.1,47284.0,20477.0,35
978,12.6,43048.0,12879.0,276
980,29.0,41873.0,39001.0,125
981,33.5,60904.0,93584.0,365
982,14.8,41249.0,4760.0,13
983,8.8,47623.0,10631.0,100
984,13.7,32906.0,26797.0,58
987,20.1,50162.0,36263.0,120
988,9.5,28146.0,19901.0,105
989,10.1,31118.0,10218.0,12
990,13.1,43624.0,8806.0,18
991,13.1,33541.0,6614.0,16
992,22.9,51441.0,101511.0,553
994,8.3,35446.0,7517.0,6
995,9.9,35701.0,14106.0,7
996,42.9,55358.0,323152.0,2296
1000,13.3,32355.0,5969.0,31
1001,11.6,49060.0,8869.0,71
1002,16.8,51203.0,17666.0,43
1003,13.6,53965.0,25069.0,76
1004,16.3,46785.0,37266.0,357
1005,10.4,40780.0,26427.0,156
1006,12.0,36782.0,10941.0,21
1007,17.2,49457.0,35098.0,48
1009,23.0,52278.0,110958.0,333
1010,10.8,29521.0,26010.0,64
1012,11.8,37038.0,19035.0,57
1014,12.2,53405.0,16126.0,52
1015,17.6,44290.0,4380.0,12
1019,29.5,59443.0,54115.0,166
1020,14.9,39381.0,22188.0,13
1021,30.4,64644.0,166998.0,961
1022,12.9,32228.0,14806.0,24
1024,10.1,45458.0,14398.0,26
1026,10.0,36667.0,15317.0,14
1028,9.7,31921.0,9877.0,13
1029,11.7,32321.0,21553.0,22
1033,15.0,46742.0,27102.0,269
1036,6.9,30029.0,17231.0,20
1037,12.0,48080.0,9207.0,35
1038,30.5,51897.0,92987.0,250
1041,18.8,52388.0,31100.0,87
1044,18.2,57613.0,28572.0,47
1045,11.3,34002.0,6489.0,18
1047,13.1,35906.0,10071.0,18
1049,16.3,46629.0,28157.0,80
1053,10.2,41428.0,7269.0,13
1056,9.9,48998.0,10901.0,16
1058,11.3,54583.0,14590.0,25
1059,12.3,33108.0,25758.0,114
1061,14.7,37776.0,12359.0,20
1062,15.3,41541.0,64979.0,155
1063,16.0,45146.0,2108.0,2
1065,26.6,41196.0,24460.0,38
1067,28.6,73500.0,57004.0,136
1068,24.2,66056.0,49024.0,591
1069,14.2,51769.0,18572.0,95
1071,19.2,45429.0,25769.0,72
1072,12.9,51027.0,12294.0,27
1074,12.0,51674.0,8471.0,20
1075,11.0,47067.0,14381.0,34
1076,30.6,53478.0,132896.0,1879
1078,12.8,33701.0,20333.0,40
1080,19.2,36863.0,36264.0,65
1084,18.9,39450.0,67055.0,26
1086,25.4,49561.0,30199.0,42
1088,27.1,52154.0,122302.0,148
1089,31.0,56678.0,39772.0,25
1093,18.3,40066.0,16785.0,4
1094,35.5,65969.0,35856.0,34
1096,29.6,49482.0,39715.0,60
1097,20.8,39522.0,31379.0,5
1098,31.4,65984.0,207641.0,588
1099,18.3,43535.0,70416.0,227
1100,40.9,97051.0,579234.0,5821
1101,38.6,75836.0,827370.0,9398
1102,31.1,106270.0,92525.0,480
1103,16.9,56627.0,33406.0,351
1105,22.8,72739.0,102855.0,543
1106,28.9,92616.0,163257.0,1585
1108,40.6,95196.0,259547.0,2668
1111,61.4,116719.0,325690.0,2989
1113,59.0,107758.0,1050688.0,16191
1116,31.5,89964.0,113510.0,753
1117,15.7,42098.0,25616.0,106
1118,38.6,64245.0,37181.0,230
1120,26.8,54313.0,103609.0,1173
1122,42.8,69001.0,212990.0,1603
1123,33.4,58375.0,124944.0,618
1124,28.0,66005.0,565217.0,8637
1125,44.2,70224.0,17332.0,57
1126,39.4,76373.0,789034.0,16632
1127,37.2,58992.0,70180.0,389
1128,27.2,52682.0,466372.0,7100
1130,55.2,100374.0,1611699.0,24738
1132,53.0,100184.0,706775.0,9612
1137,17.4,47441.0,9108.0,4
1138,22.7,62247.0,118081.0,408
1141,11.8,42540.0,14883.0,38
1143,20.1,64121.0,61550.0,146
1144,18.9,50576.0,103126.0,462
1145,29.3,51905.0,17766.0,20
1146,27.7,51509.0,153401.0,1141
1147,14.2,50477.0,43517.0,1084
1148,21.2,48413.0,134159.0,642
1150,31.0,54491.0,26143.0,43
1151,20.5,48589.0,25276.0,30
1157,26.5,52348.0,25239.0,27
1158,26.8,66716.0,110268.0,369
1159,33.7,58891.0,33415.0,46
1160,20.9,48370.0,405813.0,3028
1161,13.8,44635.0,25449.0,29
1162,19.8,39934.0,13975.0,21
1164,14.0,48988.0,40711.0,120
1165,17.0,50388.0,45605.0,217
1166,33.2,42282.0,35684.0,33
1168,38.5,52837.0,292406.0,1257
1170,16.3,41256.0,25127.0,122
1171,18.8,40959.0,11066.0,8
1172,29.2,47056.0,69872.0,178
1174,38.1,55881.0,265066.0,1299
1176,35.2,61675.0,656955.0,6216
1177,30.4,51641.0,2116.0,2
1180,42.8,67349.0,21761.0,49
1188,23.2,51083.0,29144.0,82
1190,16.7,46486.0,22780.0,54
1193,19.1,62522.0,150500.0,719
1195,12.8,40650.0,9328.0,8
1196,19.1,49960.0,173566.0,998
1198,46.4,80319.0,1257584.0,13260
1201,17.5,40798.0,5720.0,1
1202,13.8,45607.0,23460.0,60
1203,10.7,38927.0,8241.0,23
1204,24.2,51292.0,24668.0,138
1206,17.3,45502.0,12592.0,14
1207,14.9,38613.0,24019.0,43
1208,21.1,48805.0,190539.0,1515
1209,18.3,56557.0,159128.0,639
1212,15.8,44887.0,8094.0,7
1214,13.6,51113.0,52245.0,247
1216,55.2,72267.0,367601.0,2575
1217,23.3,46440.0,1749343.0,24939
1219,17.4,44016.0,15886.0,18
1222,28.1,47073.0,47188.0,83
1223,22.6,61341.0,40889.0,256
1225,33.6,58132.0,67653.0,653
1226,20.4,60626.0,25008.0,54
1227,22.5,60412.0,35871.0,98
1228,48.1,104248.0,105089.0,545
1229,22.4,48651.0,29779.0,28
1234,42.4,54465.0,5463.0,1
1237,41.8,86403.0,429021.0,2952
1238,24.4,75955.0,20934.0,111
1239,25.4,60979.0,38141.0,94
1240,17.8,52560.0,13653.0,69
1243,25.0,67039.0,46340.0,146
1244,19.4,54917.0,5972.0,32
1246,24.0,59613.0,18600.0,33
1247,27.2,55687.0,21491.0,12
1248,17.7,73468.0,40596.0,90
1251,14.6,56950.0,16337.0,19
1252,23.4,60579.0,43199.0,610
1254,17.6,46281.0,12229.0,31
1255,19.1,52445.0,6623.0,6
1257,19.3,52058.0,3740.0,0
1258,22.4,67269.0,28887.0,148
1260,25.4,57690.0,25474.0,371
1261,17.9,61959.0,35893.0,107
1263,19.0,58105.0,9336.0,20
1264,20.1,50821.0,19683.0,181
1266,15.3,53289.0,26277.0,42
1268,21.7,53387.0,40062.0,999
1269,18.9,59938.0,8194.0,91
1270,32.6,66209.0,34274.0,218
1271,15.3,55766.0,21629.0,1702
1272,18.4,48799.0,6375.0,22
1274,25.1,53778.0,58746.0,130
1276,14.5,50387.0,29579.0,115
1282,18.6,56760.0,15170.0,26
1283,14.4,59787.0,14548.0,42
1284,27.5,67024.0,66972.0,910
1286,19.3,60239.0,15165.0,31
1288,39.3,101427.0,149013.0,977
1290,16.7,66209.0,14865.0,63
1291,27.8,60843.0,161075.0,2615
1293,29.3,61929.0,9805.0,13
1294,18.0,51552.0,9266.0,43
1295,15.5,58113.0,24664.0,405
1296,17.0,49773.0,3259.0,9
1297,21.9,63633.0,21627.0,50
1298,13.6,46312.0,13682.0,18
1300,43.2,95840.0,262440.0,1402
1301,15.3,51962.0,10897.0,276
1302,23.5,61387.0,6207.0,23
1303,29.8,56076.0,50484.0,167
1304,28.4,87377.0,138377.0,585
1305,16.1,56528.0,9709.0,35
1306,17.8,33392.0,30693.0,401
1307,16.4,40010.0,36953.0,136
1311,23.8,33116.0,30628.0,524
1312,11.3,39176.0,14361.0,202
1313,14.5,42588.0,9947.0,200
1315,17.7,38479.0,8210.0,82
1317,11.7,41495.0,15541.0,250
1318,20.1,38121.0,19316.0,285
1319,17.1,29380.0,22124.0,276
1321,17.4,36083.0,18636.0,487
1322,24.1,68126.0,184945.0,2220
1323,27.6,39061.0,74897.0,1162
1324,15.3,39508.0,7713.0,67
1325,12.6,47246.0,24500.0,154
1326,8.6,42022.0,13586.0,139
1327,19.7,39633.0,20758.0,678
1328,23.2,49843.0,47632.0,180
1329,22.3,45355.0,208080.0,1370
1330,29.1,44776.0,231840.0,3418
1331,9.9,26449.0,17010.0,639
1334,13.4,45720.0,23390.0,177
1336,14.5,36987.0,16383.0,307
1337,15.0,28024.0,6990.0,142
1338,13.9,31739.0,11128.0,137
1340,11.0,33437.0,9742.0,190
1342,35.2,58377.0,63343.0,702
1343,20.0,40077.0,74125.0,1024
1348,16.0,43478.0,34153.0,570
1350,47.7,75740.0,106272.0,1657
1352,13.7,40285.0,35294.0,334
1354,20.4,36311.0,9775.0,209
1355,12.2,36236.0,29118.0,1071
1356,16.6,40792.0,21018.0,408
1358,43.5,39130.0,49587.0,662
1359,14.9,39198.0,34192.0,551
1360,16.4,45268.0,55535.0,346
1361,11.0,39687.0,11973.0,111
1364,12.2,41281.0,25126.0,155
1366,29.2,66296.0,155271.0,1322
1367,12.7,38034.0,28124.0,848
1369,12.6,38173.0,26658.0,495
1370,12.5,46764.0,15916.0,273
1371,14.5,44622.0,18336.0,94
1373,11.4,32692.0,13809.0,260
1376,10.0,41455.0,19383.0,142
1377,16.8,33143.0,9632.0,139
1379,13.4,33566.0,14286.0,310
1380,23.3,46049.0,45381.0,671
1381,18.8,33991.0,43909.0,918
1382,16.0,37401.0,20183.0,606
1386,14.2,39551.0,12108.0,231
1388,30.0,40395.0,25343.0,114
1389,23.8,57459.0,17712.0,59
1391,14.5,44340.0,25388.0,152
1393,18.1,41583.0,11754.0,42
1394,14.9,45955.0,16172.0,17
1396,9.4,44233.0,12133.0,33
1399,13.8,38067.0,42478.0,133
1400,18.3,47591.0,9020.0,17
1401,22.2,53970.0,44743.0,78
1403,30.5,51962.0,78871.0,407
1404,17.0,47049.0,8679.0,43
1405,16.5,34134.0,5982.0,8
1407,15.3,37288.0,14349.0,20
1410,13.5,46832.0,6797.0,2
1411,32.7,68943.0,249948.0,607
1413,32.9,62817.0,76745.0,173
1415,11.2,42774.0,23920.0,27
1416,13.6,41381.0,7561.0,3
1419,15.3,48920.0,12547.0,20
1420,14.6,39392.0,15573.0,9
1421,10.5,36762.0,13185.0,22
1422,13.1,37331.0,29131.0,146
1423,20.1,58738.0,103967.0,337
1424,18.9,52282.0,14706.0,18
1426,30.2,44799.0,293086.0,712
1427,18.8,40315.0,9850.0,22
1428,16.2,40639.0,8352.0,34
1430,10.0,35025.0,9544.0,2
1432,24.4,45767.0,10001.0,11
1433,16.5,36762.0,40117.0,58
1434,10.9,37755.0,10125.0,3
1435,30.9,55864.0,703011.0,2077
1436,22.9,46596.0,121328.0,877
1437,20.2,65150.0,225081.0,873
1439,15.8,39309.0,3959.0,2
1440,14.7,44562.0,35723.0,128
1441,20.1,53389.0,32708.0,108
1443,14.0,48179.0,9776.0,10
1444,15.9,62238.0,59013.0,133
1446,19.3,48749.0,15227.0,28
1449,15.1,40191.0,12088.0,8
1452,18.0,46014.0,3617.0,7
1454,12.4,34735.0,13180.0,99
1455,19.0,57047.0,16132.0,72
1456,12.8,46216.0,8644.0,6
1457,13.7,48951.0,11551.0,23
1458,12.9,45276.0,20627.0,28
1460,19.7,49220.0,58236.0,638
1461,27.8,46698.0,22092.0,30
1462,12.2,32720.0,10529.0,10
1464,12.2,34367.0,9174.0,2
1465,12.1,31831.0,15805.0,153
1466,16.0,53871.0,19136.0,178
1467,18.4,45254.0,42339.0,216
1470,41.8,82567.0,104418.0,192
1473,18.9,40866.0,4696.0,3
1475,15.3,44975.0,24748.0,21
1476,13.9,58693.0,23018.0,36
1477,11.1,36592.0,6270.0,11
1479,37.8,82048.0,402022.0,2137
1480,13.4,37013.0,9397.0,6
1481,17.7,59043.0,17894.0,26
1483,43.2,66992.0,994205.0,8739
1486,12.0,42053.0,4902.0,11
1488,15.8,32715.0,8166.0,29
1490,13.2,40808.0,29025.0,165
1495,17.7,42552.0,20563.0,38
1496,18.6,62056.0,35649.0,108
1498,10.3,33703.0,12873.0,5
1499,16.9,51141.0,39592.0,67
1504,21.8,39237.0,6681.0,4
1505,27.0,52840.0,6237.0,9
1506,32.0,53661.0,10725.0,41
1507,17.5,47985.0,1252.0,0
1508,26.0,50054.0,81366.0,65
1509,27.3,44645.0,5635.0,0
1511,21.9,44659.0,1690.0,0
1513,17.4,45641.0,9140.0,8
1516,29.9,54382.0,103806.0,102
1519,19.0,37719.0,13753.0,34
1520,25.9,38782.0,821.0,3
1526,38.6,63860.0,69432.0,75
1528,20.2,40602.0,19980.0,42
1529,16.1,43650.0,1664.0,0
1530,28.9,53031.0,8600.0,40
1531,26.1,44572.0,1862.0,4
1532,17.3,43458.0,4397.0,0
1533,42.5,56207.0,119600.0,151
1535,32.4,61044.0,16606.0,30
1536,29.0,41009.0,487.0,0
1537,20.5,44730.0,3954.0,0
1538,24.8,42890.0,5911.0,5
1539,26.4,47378.0,1682.0,0
1540,21.0,48966.0,6890.0,0
1541,20.9,42754.0,1077.0,0
1543,19.0,67242.0,10803.0,34
1544,17.1,40179.0,11004.0,9
1545,18.0,57674.0,8937.0,16
1547,23.6,51690.0,3309.0,2
1548,26.4,47302.0,34915.0,28
1549,25.3,66226.0,9642.0,13
1550,25.5,52747.0,3737.0,2
1551,24.4,48368.0,6147.0,15
1552,14.5,46326.0,4736.0,31
1553,23.5,50774.0,696.0,2
1554,20.9,48390.0,7396.0,4
1555,19.8,38449.0,2126.0,2
1560,27.9,46862.0,463.0,1
1561,20.7,53865.0,745.0,2
1562,22.7,44467.0,465.0,0
1563,20.6,51911.0,5192.0,7
1566,19.8,46191.0,2955.0,0
1568,18.1,57548.0,6459.0,17
1570,27.4,75177.0,26248.0,106
1571,19.4,64570.0,8402.0,19
1572,20.8,54866.0,3924.0,1
1573,21.2,49782.0,5689.0,3
1574,26.2,53132.0,8910.0,22
1575,18.4,56259.0,6203.0,34
1577,23.2,59219.0,8846.0,39
1578,20.9,49995.0,10777.0,40
1579,12.5,55522.0,20026.0,1864
1581,15.6,56818.0,23595.0,878
1582,15.8,47097.0,1794.0,2
1583,20.5,54635.0,5636.0,58
1584,18.6,51682.0,36565.0,717
1586,19.4,48574.0,1693.0,0
1587,19.9,56697.0,5462.0,20
1590,18.9,49685.0,4676.0,10
1591,20.2,49931.0,21513.0,69
1592,24.9,39192.0,1837.0,4
1594,26.4,59722.0,1990.0,13
1596,17.4,45221.0,2356.0,5
1597,20.9,53792.0,61353.0,1650
1598,26.0,60608.0,9324.0,77
1601,18.6,43880.0,2762.0,1
1604,20.5,52292.0,6445.0,50
1605,15.3,47075.0,7046.0,11
1606,16.0,52401.0,5071.0,8
1607,22.7,64456.0,6495.0,18
1610,18.2,46986.0,3632.0,14
1611,21.7,47906.0,8332.0,25
1613,22.1,56803.0,34914.0,63
1615,23.2,47797.0,664.0,1
1617,22.4,55226.0,35099.0,400
1618,17.4,56493.0,7755.0,39
1619,18.1,49151.0,4642.0,53
1620,19.8,47279.0,3519.0,6
1621,28.1,52069.0,6972.0,6
1624,17.5,45487.0,2613.0,1
1626,25.9,59003.0,9034.0,27
1627,22.3,57367.0,7148.0,12
1628,22.2,63656.0,33470.0,703
1629,21.1,59815.0,5213.0,13
1630,18.8,49034.0,10724.0,9
1631,18.2,47573.0,7865.0,10
1632,20.9,48260.0,1357.0,2
1633,14.3,54569.0,14224.0,553
1634,40.1,79358.0,187196.0,1468
1636,22.4,50247.0,35618.0,248
1638,23.6,43819.0,5246.0,8
1639,18.2,47499.0,3001.0,5
1643,24.0,48275.0,722.0,1
1644,16.7,45405.0,7224.0,178
1646,30.3,77838.0,20729.0,67
1647,34.5,55970.0,9385.0,35
1648,22.6,45058.0,3487.0,9
1649,17.3,53369.0,783.0,0
1651,17.5,58429.0,24909.0,32
1653,28.9,70495.0,48905.0,97
1654,18.2,79134.0,52778.0,298
1655,16.5,50179.0,873.0,0
1656,11.7,70036.0,2029.0,1
1657,16.3,72873.0,16831.0,91
1658,11.6,79278.0,5532.0,47
1660,14.0,59732.0,57510.0,155
1661,14.4,44438.0,4505.0,10
1663,14.8,42522.0,6725.0,13
1664,28.7,68236.0,4123.0,2
1665,30.5,63636.0,471519.0,3951
1666,14.9,58942.0,9580.0,10
1670,18.1,44259.0,31563.0,11
1672,37.3,78714.0,417025.0,3486
1673,35.6,74351.0,151391.0,436
1674,40.7,93645.0,309769.0,1545
1676,26.8,60034.0,43146.0,37
1678,48.3,100181.0,932202.0,20234
1680,31.8,67135.0,506471.0,7847
1681,31.5,62175.0,92039.0,753
1682,14.7,51790.0,149527.0,3087
1684,31.9,81315.0,291636.0,2815
1688,42.7,87666.0,825062.0,17383
1689,44.9,99223.0,618795.0,9737
1690,53.6,112396.0,491845.0,7094
1693,20.9,64524.0,62385.0,829
1695,34.9,92284.0,140488.0,1277
1696,35.1,80737.0,556341.0,16719
1697,31.8,77571.0,105267.0,1289
1699,22.2,34777.0,3527.0,4
1703,19.8,47202.0,48954.0,291
1704,9.8,35087.0,1748.0,1
1707,27.3,38341.0,26998.0,47
1708,11.6,29515.0,4300.0,24
1709,24.3,37544.0,625.0,1
1711,13.0,51656.0,71070.0,333
1712,29.3,45095.0,19572.0,32
1713,66.5,124947.0,19369.0,14
1714,12.2,30570.0,23709.0,140
1715,11.6,33976.0,71367.0,3724
1716,11.2,34491.0,4521.0,3
1718,15.8,33085.0,8253.0,22
1721,30.0,57036.0,146748.0,895
1723,22.7,35292.0,27277.0,30
1725,20.5,31741.0,10791.0,17
1730,17.1,46365.0,76688.0,250
1732,20.2,46262.0,46091.0,71
1733,19.8,38566.0,1418207.0,225000
1734,28.3,50928.0,190488.0,870
1736,22.3,52945.0,76576.0,129
1738,23.9,52565.0,83456.0,151
1740,22.9,55517.0,80485.0,111
1743,21.9,47382.0,44135.0,92
1744,35.2,79604.0,294218.0,4363
1746,27.6,54376.0,36885.0,59
1747,19.4,48722.0,50022.0,39
1748,17.8,51388.0,53383.0,266
1749,21.5,58925.0,57280.0,254
1750,22.1,54514.0,47188.0,271
1751,19.3,59020.0,4416.0,6
1752,21.0,53168.0,61319.0,204
1753,22.3,52798.0,109834.0,103
1756,25.4,61027.0,62914.0,155
1758,37.7,60240.0,741770.0,4354
1759,17.5,43799.0,49221.0,141
1760,45.2,115301.0,1356924.0,42555
1762,23.8,55013.0,209281.0,1371
1763,24.7,54096.0,228671.0,1909
1764,35.5,59786.0,460528.0,3240
1765,34.5,62930.0,109777.0,319
1766,29.8,75048.0,384940.0,10923
1767,15.9,52658.0,40352.0,288
1768,18.6,53745.0,117124.0,227
1769,30.9,54321.0,59493.0,94
1772,30.1,71084.0,158714.0,643
1774,40.6,88960.0,325789.0,13775
1776,41.4,83210.0,229863.0,630
1779,22.3,50190.0,17807.0,15
1780,20.9,54184.0,34016.0,77
1781,23.1,54862.0,95379.0,279
1782,35.6,100075.0,1476601.0,42382
1783,23.2,51985.0,75432.0,1469
1785,52.7,57383.0,102180.0,198
1786,32.2,63073.0,177573.0,1898
1789,22.3,61118.0,89918.0,223
1790,48.2,94521.0,967506.0,35462
1791,16.5,57709.0,39859.0,103
1792,24.4,51089.0,24913.0,51
1793,24.0,50480.0,169509.0,1607
1794,14.7,49138.0,37497.0,197
1796,9.6,38023.0,24446.0,240
1797,19.0,41864.0,27203.0,67
1798,20.6,41701.0,17557.0,39
1800,13.4,35433.0,18947.0,168
1804,16.6,44946.0,90485.0,1292
1805,31.2,69297.0,216453.0,1828
1806,15.3,43328.0,82178.0,732
1807,17.9,65955.0,10867.0,44
1808,28.4,55052.0,69473.0,168
1810,21.9,53738.0,159551.0,1404
1811,41.3,73703.0,74470.0,1088
1812,19.2,41262.0,28612.0,108
1813,19.8,42618.0,13943.0,44
1814,22.8,42878.0,11231.0,27
1818,25.0,46779.0,335509.0,1829
1819,23.1,64426.0,27763.0,39
1821,18.5,47758.0,167609.0,1351
1822,22.9,60801.0,42846.0,269
1824,47.5,59329.0,321488.0,4911
1825,12.7,38818.0,51472.0,420
1826,33.8,50112.0,382295.0,4008
1827,21.3,57710.0,69685.0,560
1829,14.4,51746.0,11562.0,30
1830,13.5,39502.0,8441.0,10
1831,22.3,58956.0,60443.0,994
1832,10.5,43591.0,21069.0,250
1837,31.8,54012.0,117417.0,1034
1839,18.4,47892.0,55234.0,509
1840,9.4,40653.0,4937.0,33
1842,30.5,44502.0,43938.0,252
1844,13.1,43302.0,9419.0,42
1845,20.9,48984.0,61779.0,968
1847,21.4,62963.0,86111.0,521
1849,24.2,46426.0,35858.0,368
1850,27.6,44693.0,21755.0,20
1851,16.8,43569.0,22440.0,177
1852,44.8,64509.0,1110356.0,16657
1853,18.8,43967.0,14964.0,58
1855,36.9,59471.0,100880.0,684
1857,39.3,53419.0,234473.0,1712
1858,12.8,37233.0,19483.0,210
1860,57.6,71920.0,148476.0,1050
1861,19.4,46447.0,12726.0,40
1862,20.5,46355.0,39824.0,262
1865,15.3,50149.0,39490.0,139
1866,31.8,43303.0,180742.0,1079
1867,31.7,50467.0,20724.0,105
1870,13.2,35407.0,130625.0,1863
1871,15.0,41869.0,91010.0,336
1873,17.3,42831.0,67029.0,455
1876,15.8,51491.0,62806.0,621
1877,13.3,50826.0,45591.0,184
1878,16.8,46342.0,71783.0,642
1880,31.5,51398.0,34385.0,68
1882,34.8,80428.0,239859.0,2091
1883,12.9,40263.0,44535.0,604
1884,51.8,80169.0,1111761.0,8421
1885,15.5,38430.0,19731.0,204
1886,11.3,36042.0,11580.0,60
1888,19.5,41572.0,123131.0,2071
1889,15.5,44080.0,68412.0,651
1890,19.6,44015.0,81801.0,1075
1893,28.6,53162.0,2216.0,0
1895,15.6,42407.0,6832.0,21
1896,26.3,76235.0,928.0,1
1900,35.1,72277.0,95626.0,525
1901,39.4,63885.0,181923.0,2584
1902,21.2,60314.0,3762.0,23
1904,18.4,58715.0,2264.0,1
1905,21.0,66383.0,4424.0,27
1906,24.3,51327.0,2287.0,5
1907,16.5,47976.0,3241.0,7
1908,24.1,58096.0,3210.0,3
1910,34.5,54311.0,69451.0,481
1911,17.4,41295.0,2274.0,4
1912,25.9,54250.0,2231.0,2
1914,17.9,45401.0,2480.0,4
1915,24.0,54514.0,4046.0,14
1920,20.5,64524.0,9450.0,12
1922,26.3,68043.0,31364.0,148
1926,20.4,58766.0,6801.0,17
1927,19.2,47360.0,3975.0,8
1929,19.7,61634.0,5218.0,22
1932,20.0,42021.0,14176.0,12
1933,17.5,64756.0,3898.0,9
1934,10.9,39439.0,1315.0,3
1937,22.9,71888.0,31489.0,111
1938,27.5,66929.0,1890.0,4
1941,26.8,59931.0,8036.0,29
1942,16.8,59705.0,10641.0,66
1943,28.3,63938.0,67641.0,96
1944,22.1,58261.0,3834.0,11
1945,24.8,79354.0,37589.0,118
1948,21.1,54362.0,53484.0,97
1950,29.7,40416.0,65327.0,250
1951,18.9,63754.0,45656.0,120
1952,16.2,48989.0,67006.0,575
1953,14.2,55334.0,43432.0,66
1956,14.9,57701.0,38885.0,65
1957,18.6,50089.0,134083.0,868
1959,18.7,53947.0,41968.0,99
1960,14.8,44938.0,101883.0,1433
1962,14.8,44715.0,41494.0,149
1963,31.9,50006.0,1235072.0,10215
1964,14.7,53853.0,51113.0,263
1966,54.4,103536.0,209177.0,871
1967,22.7,53135.0,74266.0,340
1969,16.1,47733.0,28525.0,59
1971,17.2,62800.0,42126.0,81
1973,38.1,84093.0,93649.0,453
1974,39.0,68380.0,168937.0,432
1975,14.2,44623.0,38875.0,88
1976,37.1,57300.0,817473.0,7586
1979,10.1,50301.0,15040.0,16
1980,18.0,57705.0,27006.0,47
1983,8.9,60828.0,43960.0,285
1984,13.6,55202.0,58266.0,278
1985,15.3,44726.0,32413.0,38
1987,22.8,56885.0,62322.0,72
1988,27.9,65883.0,230149.0,706
1989,14.3,43031.0,59463.0,115
1991,16.0,61699.0,45672.0,78
1992,24.0,59265.0,309833.0,1277
1993,26.3,47865.0,428348.0,3296
1994,16.9,61645.0,44731.0,244
1995,24.1,48010.0,228683.0,2055
1996,13.1,45419.0,65093.0,2768
1997,33.3,76475.0,179746.0,658
1998,12.8,44286.0,22907.0,18
1999,16.7,62782.0,41172.0,320
2002,27.4,51071.0,531687.0,2867
2004,13.5,60452.0,35328.0,453
2005,15.5,49586.0,86215.0,115
2006,10.3,48792.0,14424.0,15
2007,22.4,58345.0,40525.0,243
2011,13.8,45163.0,27772.0,35
2012,28.7,63689.0,162466.0,542
2013,15.8,53904.0,40882.0,104
2014,20.3,64304.0,33861.0,156
2015,17.8,49668.0,121154.0,422
2016,16.6,49385.0,76666.0,168
2017,16.0,53978.0,58518.0,207
2018,15.0,41267.0,75314.0,94
2022,32.1,58890.0,541013.0,2538
2023,18.5,47424.0,197974.0,1117
2024,15.8,51030.0,91987.0,662
2026,16.2,54331.0,28275.0,53
2027,11.5,43457.0,13085.0,24
2029,19.2,50904.0,59911.0,162
2030,21.9,59142.0,115710.0,453
2031,15.0,54581.0,36692.0,87
2032,33.1,64282.0,130817.0,544
2033,15.7,55995.0,21772.0,72
2034,11.6,35156.0,22194.0,166
2035,20.2,52952.0,5702.0,1
2036,15.0,39702.0,13758.0,41
2038,17.3,47825.0,21859.0,25
2039,16.6,49513.0,9429.0,22
2040,22.8,43445.0,47995.0,219
2042,26.8,70942.0,148306.0,631
2043,20.6,48660.0,48111.0,207
2046,22.6,46777.0,2137.0,1
2048,17.6,39396.0,5495.0,14
2049,22.5,51382.0,120749.0,585
2050,13.2,43386.0,5666.0,12
2051,14.8,43074.0,14142.0,35
2053,25.5,49577.0,29003.0,99
2054,17.6,40287.0,43009.0,279
2057,22.4,52387.0,61056.0,453
2058,14.5,47858.0,27711.0,143
2059,19.7,56489.0,55834.0,290
2061,13.5,37445.0,5712.0,70
2063,22.0,55112.0,3688.0,2
2064,14.7,37776.0,12627.0,20
2065,12.9,37566.0,13279.0,20
2066,20.9,47747.0,24530.0,169
2067,13.9,37338.0,6002.0,20
2069,19.1,45700.0,43538.0,141
2070,23.6,59266.0,15765.0,58
2072,17.2,38284.0,10073.0,25
2074,15.1,48039.0,34877.0,54
2075,27.6,69114.0,48011.0,114
2076,14.5,48725.0,10253.0,50
2077,24.2,65831.0,40474.0,285
2079,14.2,37468.0,19596.0,96
2080,19.4,56102.0,7629.0,16
2081,15.7,42258.0,16931.0,49
2082,14.6,50951.0,41100.0,153
2084,19.5,43911.0,67997.0,239
2087,11.6,37545.0,11993.0,22
2089,14.1,42354.0,38465.0,204
2090,17.6,48826.0,46963.0,237
2091,14.1,38194.0,31127.0,203
2094,15.5,42376.0,43654.0,85
2095,28.1,48450.0,38284.0,96
2096,18.3,48499.0,72592.0,191
2097,15.0,37026.0,11096.0,37
2098,18.5,53871.0,3583.0,3
2100,14.1,37901.0,24258.0,81
2101,13.3,38998.0,41569.0,79
2102,17.4,46512.0,43143.0,111
2103,22.3,51812.0,19983.0,1007
2104,17.7,41186.0,7250.0,453
2105,31.2,55796.0,651552.0,5997
2107,28.6,53992.0,51527.0,483
2108,20.4,47484.0,10916.0,13
2109,30.6,51715.0,8793.0,11
2112,53.6,63600.0,93053.0,124
2114,24.6,53806.0,40224.0,59
2115,17.8,63338.0,52354.0,61
2116,17.9,48352.0,64487.0,64
2117,16.6,51348.0,24404.0,20
2118,24.0,48788.0,22925.0,9
2122,18.8,46141.0,7199.0,1
2123,17.0,43370.0,7393.0,2
2124,31.6,66607.0,23382.0,116
2125,27.4,55511.0,220944.0,215
2126,18.4,50376.0,24658.0,184
2127,17.2,46578.0,87487.0,66
2129,15.4,44847.0,7869.0,24
2130,29.6,53161.0,382067.0,346
2132,19.5,54292.0,129749.0,453
2133,13.8,42624.0,30571.0,473
2134,22.8,56408.0,347818.0,2063
2135,10.9,55343.0,11603.0,176
2137,30.1,62389.0,86085.0,193
2138,19.5,58838.0,1780.0,5
2142,24.7,48137.0,7208.0,15
2143,20.5,52269.0,26682.0,124
2146,26.5,61776.0,107100.0,222
2147,22.4,62877.0,103009.0,410
2148,40.7,59881.0,1216045.0,5990
2150,23.7,54823.0,163929.0,918
2151,14.2,50257.0,47888.0,99
2152,24.5,62519.0,421164.0,4781
2153,20.8,49244.0,121829.0,126
2155,40.5,88538.0,628270.0,6284
2158,15.9,41770.0,4447.0,5
2159,16.8,53901.0,64182.0,315
2160,44.7,58258.0,162385.0,270
2162,22.7,46284.0,38438.0,67
2163,14.3,46706.0,79255.0,98
2165,22.5,50774.0,64964.0,428
2167,35.8,71695.0,253370.0,995
2168,30.5,57979.0,278299.0,2366
2171,27.7,48453.0,269728.0,763
2174,21.0,60744.0,155027.0,1043
2176,18.2,50956.0,36233.0,79
2177,16.9,49019.0,45144.0,266
2178,22.6,47999.0,84073.0,176
2180,14.2,54342.0,24763.0,453
2181,27.7,52872.0,209674.0,1788
2182,26.9,66270.0,545724.0,4988
2183,21.4,48418.0,85512.0,221
2184,20.3,61087.0,141793.0,1484
2187,22.8,53820.0,113299.0,263
2189,22.6,48788.0,109424.0,216
2192,48.7,90155.0,830915.0,9060
2193,32.8,61314.0,18230.0,84
2195,16.0,47243.0,90843.0,360
2196,16.4,62366.0,46272.0,96
2198,28.0,62657.0,55809.0,509
2199,15.5,44883.0,16526.0,19
2200,16.2,48809.0,141359.0,795
2203,17.3,48998.0,6066.0,10
2205,19.1,48799.0,40591.0,32
2208,19.3,50554.0,39191.0,11
2210,20.4,53602.0,51361.0,148
2211,28.5,58398.0,348899.0,1117
2213,24.2,65238.0,449058.0,1963
2214,47.1,80231.0,48479.0,283
2215,32.1,69089.0,164292.0,1316
2217,28.1,56141.0,638931.0,13674
2218,45.0,86715.0,125577.0,564
2221,9.4,29124.0,8688.0,112
2222,21.4,51740.0,202558.0,1299
2223,18.7,36230.0,14066.0,247
2224,11.5,38131.0,20866.0,176
2225,40.3,65843.0,192122.0,453
2227,19.2,45385.0,14553.0,201
2228,42.8,62958.0,411406.0,8971
2229,13.8,42542.0,57300.0,308
2231,10.1,39046.0,45650.0,491
2233,15.2,39079.0,37677.0,550
2234,17.2,37206.0,66618.0,649
2236,27.9,65468.0,162809.0,1872
2238,17.0,39522.0,22347.0,417
2239,23.1,47949.0,138293.0,1880
2241,34.2,61162.0,523542.0,8026
2243,11.4,35871.0,19222.0,145
2244,23.6,49082.0,354081.0,6503
2246,19.9,52270.0,66551.0,935
2247,26.9,58035.0,98012.0,728
2248,15.4,42099.0,67493.0,884
2249,12.3,33199.0,16828.0,371
2250,30.1,60627.0,298750.0,453
2251,20.2,44683.0,9463.0,453
2257,24.5,48794.0,126884.0,1329
2260,23.8,53567.0,319785.0,2905
2261,18.5,45181.0,106721.0,1635
2262,12.1,40686.0,27316.0,186
2263,12.7,32814.0,30368.0,572
2265,20.6,53107.0,2751.0,35
2266,20.1,49712.0,18453.0,561
2268,18.4,50278.0,6901.0,13
2269,39.2,62109.0,35077.0,102
2270,29.3,60082.0,38839.0,365
2273,20.6,44388.0,10429.0,4
2275,17.5,47412.0,9292.0,98
2279,17.0,34024.0,4086.0,22
2282,20.6,48023.0,5424.0,19
2284,16.0,41942.0,5892.0,42
2286,25.5,58977.0,3829.0,9
2288,28.9,49068.0,2299.0,24
2289,17.4,59813.0,7052.0,453
2290,20.5,40583.0,4185.0,6
2291,15.1,51801.0,1899.0,1
2292,20.3,65776.0,6164.0,13
2293,23.3,52568.0,3191.0,7
2294,20.1,63772.0,3453.0,14
2295,26.1,55017.0,1298.0,0
2296,35.5,70093.0,17526.0,76
2298,22.5,52496.0,1301.0,3
2302,22.7,54609.0,4939.0,8
2304,34.7,51774.0,25844.0,21
2305,39.4,84889.0,61128.0,406
2306,19.8,47429.0,3781.0,83
2308,16.4,39850.0,2379.0,6
2309,24.0,56862.0,4935.0,5
2312,20.2,50123.0,2216.0,453
2313,31.9,60033.0,193134.0,3822
2315,11.8,31662.0,14177.0,126
2316,30.7,58738.0,113775.0,704
2317,20.0,55626.0,2865.0,4
2322,31.3,69991.0,3098.0,14
2323,25.5,59457.0,1391.0,1
2324,15.8,31876.0,10177.0,65
2325,21.5,45710.0,5441.0,19
2326,23.2,62792.0,8384.0,30
2328,23.2,48394.0,5435.0,18
2330,16.3,32341.0,2756.0,3
2331,23.5,50672.0,76978.0,265
2332,16.3,49860.0,49713.0,668
2333,12.6,38940.0,16160.0,26
2335,24.0,57939.0,133088.0,488
2336,21.9,50427.0,108110.0,1165
2337,11.9,39443.0,39842.0,453
2338,13.8,51859.0,14678.0,68
2339,17.2,42025.0,27767.0,71
2340,16.8,39202.0,56391.0,147
2342,16.4,47508.0,17297.0,107
2344,14.6,34238.0,7615.0,32
2345,10.8,36192.0,36004.0,196
2346,19.6,49494.0,56520.0,170
2347,13.0,44431.0,14230.0,90
2348,18.3,46527.0,60520.0,247
2349,40.3,60799.0,694144.0,16532
2350,12.8,42905.0,11663.0,50
2351,15.7,47420.0,20490.0,137
2352,15.4,56166.0,53948.0,343
2354,21.7,59529.0,41133.0,433
2355,13.6,36687.0,18523.0,38
2356,20.7,50201.0,42208.0,141
2357,17.8,42720.0,49133.0,276
2358,15.1,48024.0,29464.0,168
2359,10.6,41829.0,23320.0,69
2360,15.3,44366.0,69069.0,193
2361,12.1,36317.0,13427.0,71
2362,16.1,44040.0,64934.0,453
2363,31.2,57196.0,367804.0,4043
2364,11.5,30691.0,6620.0,25
2365,11.4,37834.0,25050.0,511
2366,13.9,37690.0,25652.0,185
2368,12.6,39574.0,17304.0,174
2369,13.8,43491.0,28117.0,139
2370,17.1,43159.0,32345.0,60
2372,10.6,44688.0,8201.0,27
2373,13.3,48056.0,18582.0,58
2374,9.0,37563.0,11786.0,67
2375,16.4,49611.0,54495.0,241
2376,11.3,35778.0,17788.0,51
2377,36.7,55874.0,470313.0,2139
2379,8.8,38849.0,25633.0,238
2382,18.8,51249.0,34366.0,126
2383,26.3,58186.0,54068.0,382
2384,15.8,46029.0,53794.0,351
2385,12.7,39859.0,25694.0,148
2386,10.0,42265.0,24602.0,696
2389,14.3,51868.0,34375.0,154
2390,21.8,57337.0,96387.0,580
2394,20.7,58234.0,6488.0,28
2395,7.3,40397.0,21403.0,38
2396,14.9,42532.0,30069.0,155
2397,13.1,42149.0,22241.0,89
2398,11.5,41960.0,8076.0,47
2399,8.7,40182.0,5048.0,10
2401,25.4,45512.0,80245.0,1145
2402,15.2,44132.0,33167.0,378
2403,19.5,54440.0,53382.0,112
2404,18.6,66006.0,71813.0,1076
2405,32.0,64170.0,332285.0,4242
2406,9.4,35685.0,22068.0,33
2408,17.1,47202.0,98250.0,1052
2409,31.1,47924.0,937166.0,15678
2410,12.4,50704.0,20157.0,212
2414,16.7,60874.0,61599.0,780
2415,16.8,49280.0,11284.0,1539
2416,14.8,43688.0,17883.0,67
2417,8.5,40322.0,19972.0,40
2419,14.0,42475.0,41277.0,208
2422,21.5,42351.0,33328.0,99
2424,59.0,115930.0,238412.0,2309
2425,30.6,76507.0,144657.0,1457
2426,11.7,45969.0,57735.0,2003
2427,10.4,84946.0,18705.0,181
2428,16.3,46653.0,86715.0,1000
2429,21.7,46912.0,23510.0,81
2430,23.4,61190.0,8553.0,12
2431,23.2,57210.0,1887.0,3
2432,13.3,50594.0,51153.0,300
2433,23.5,59942.0,30032.0,150
2434,17.7,45051.0,7000.0,119
2435,23.8,53008.0,23112.0,47
2437,19.7,41180.0,3509.0,1
2440,27.6,54210.0,2003554.0,27059
2442,35.0,66101.0,654.0,0
2443,18.5,48460.0,18685.0,56
2445,29.7,74225.0,374264.0,4359
2450,19.3,47097.0,37864.0,269
2451,17.1,53626.0,18443.0,453
2452,25.1,56696.0,48155.0,320
2453,14.8,52588.0,43664.0,836
2454,15.0,52085.0,21290.0,190
2457,18.6,43714.0,13094.0,162
2458,30.4,64799.0,5926.0,10
2459,16.4,44154.0,30026.0,80
2460,14.8,45689.0,7530.0,138
2462,16.9,43483.0,52646.0,467
2463,17.3,42291.0,7306.0,7
2464,18.6,58356.0,10471.0,20
2465,8.2,42873.0,2853.0,8
2466,17.1,44804.0,3387.0,9
2467,15.6,39484.0,8175.0,7
2468,51.7,96936.0,1034730.0,5154
2469,18.4,39536.0,2920.0,6
2470,18.6,48258.0,21493.0,184
2472,19.8,52251.0,13635.0,35
2473,11.9,40987.0,2726.0,17
2474,20.5,52047.0,41257.0,120
2476,15.3,38304.0,1398.0,5
2478,14.1,49117.0,3464.0,453
2479,12.8,37911.0,5737.0,35
2480,9.0,42164.0,2171.0,11
2481,13.6,50587.0,7287.0,135
2483,12.5,43726.0,12728.0,105
2484,12.2,44230.0,18546.0,432
2485,21.3,44410.0,5331.0,9
2486,44.5,88384.0,887207.0,4765
2487,12.8,49208.0,20160.0,281
2488,16.7,39627.0,2211.0,4
2490,19.8,40945.0,3278.0,34
2491,9.3,35156.0,11157.0,97
2493,15.6,60431.0,166223.0,2305
2495,23.1,76792.0,184826.0,1957
2497,29.7,47087.0,42698.0,274
2500,18.1,55776.0,25346.0,206
2502,15.9,39891.0,5712.0,60
2503,16.2,37648.0,1155.0,453
2504,46.1,92310.0,811688.0,5689
2505,23.6,48222.0,10725.0,67
2506,13.0,49317.0,19717.0,93
2507,7.2,41038.0,20306.0,342
2508,12.4,56321.0,21492.0,54
2511,33.8,61433.0,26988.0,80
2512,23.2,83330.0,1409.0,6
2513,17.6,55008.0,7658.0,31
2514,12.3,49829.0,20837.0,421
2515,13.3,49121.0,21886.0,138
2516,20.5,51403.0,136212.0,824
2517,20.8,50610.0,123945.0,1034
2519,27.5,73864.0,166847.0,1193
2520,16.5,42782.0,33406.0,871
2521,14.3,32597.0,2964.0,2
2522,21.7,49210.0,8461.0,41
2523,14.3,57240.0,5399.0,42
2524,14.5,42469.0,3933.0,6
2525,15.3,60909.0,57602.0,524
2526,31.0,60241.0,4713325.0,53555
2529,13.4,40880.0,5658.0,32
2530,37.4,68180.0,230191.0,3865
2531,21.0,66849.0,3819.0,22
2532,18.2,43337.0,82737.0,366
2533,18.4,38785.0,868707.0,10433
2534,17.1,48670.0,36649.0,194
2535,14.0,46764.0,23021.0,121
2536,26.1,60917.0,61643.0,241
2537,18.3,52079.0,37084.0,119
2541,19.3,53360.0,98594.0,799
2543,16.9,56775.0,1536.0,4
2545,16.1,54088.0,14760.0,130
2547,35.1,51343.0,2274.0,6
2550,12.7,41919.0,40482.0,387
2551,18.3,62635.0,175817.0,1028
2553,14.4,48743.0,15601.0,453
2555,40.9,90937.0,47431.0,108
2556,6.8,42153.0,404.0,3
2557,23.6,47625.0,762.0,1
2558,25.6,53704.0,52600.0,225
2560,18.2,57925.0,272.0,0
2561,9.6,43192.0,3667.0,4
2562,24.8,42605.0,30680.0,247
2563,19.6,39726.0,3664.0,14
2566,20.0,55151.0,21428.0,45
2569,15.9,55834.0,17239.0,117
2571,9.5,52577.0,88219.0,606
2572,14.0,43226.0,23437.0,114
2574,13.2,48814.0,12207.0,91
2577,29.1,50377.0,310569.0,4209
2579,19.0,42719.0,7984.0,30
2580,23.7,48858.0,256623.0,3096
2581,23.3,64633.0,743.0,453
2583,14.9,38011.0,9854.0,68
2584,20.4,56484.0,5771.0,31
2588,19.8,59304.0,51584.0,419
2589,17.8,35881.0,2138.0,15
2590,27.4,80189.0,176832.0,1339
2592,18.2,47068.0,4873.0,7
2593,11.8,48529.0,8545.0,27
2595,34.7,77598.0,607391.0,4721
2599,24.5,45357.0,65204.0,647
2600,16.1,46259.0,50113.0,646
2604,15.2,49845.0,9836.0,62
2607,16.5,46067.0,29189.0,83
2610,17.7,50539.0,9605.0,252
2611,9.8,47008.0,15823.0,164
2612,14.0,46017.0,51353.0,414
2613,14.8,41912.0,117415.0,3159
2614,20.1,37738.0,6704.0,28
2615,11.7,47572.0,12514.0,23
2616,32.0,69600.0,137713.0,1260
2617,10.6,65273.0,3849.0,46
2618,20.6,39506.0,3452.0,8
2621,11.8,44821.0,6948.0,68
2623,16.1,44917.0,17074.0,143
2624,40.3,102858.0,104915.0,566
2625,18.3,42205.0,10264.0,453
2626,14.5,49788.0,54406.0,269
2629,10.9,47028.0,28859.0,124
2630,14.9,53559.0,66730.0,364
2631,14.4,43827.0,6055.0,10
2632,16.5,47317.0,2793.0,28
2633,16.5,53059.0,16703.0,362
2634,24.9,57126.0,3265.0,11
2637,25.8,56848.0,232751.0,1717
2639,10.3,30490.0,64633.0,1219
2640,16.6,43115.0,9366.0,18
2641,15.9,59064.0,1291.0,1
2642,13.7,46915.0,1350.0,0
2644,12.8,43084.0,7397.0,63
2645,31.5,66059.0,2102515.0,20907
2646,24.5,48040.0,138034.0,973
2647,15.3,41413.0,776.0,2
2649,19.0,42701.0,1501.0,2
2650,15.9,45604.0,32750.0,453
2651,24.2,51393.0,119200.0,1343
2652,48.6,76255.0,1273954.0,16983
2653,12.8,40486.0,14651.0,95
2655,17.0,48554.0,41753.0,113
2659,17.1,51152.0,56590.0,229
2660,20.1,51646.0,92084.0,2271
2661,20.6,43681.0,72971.0,2541
2663,13.6,53621.0,11998.0,63
2664,25.0,54332.0,35882.0,379
2665,18.4,44919.0,276652.0,3677
2666,17.1,48040.0,41556.0,388
2667,16.6,48018.0,5056.0,25
2668,23.0,47477.0,132230.0,680
2670,10.1,33171.0,21358.0,462
2671,41.1,87817.0,590551.0,4490
2672,20.5,71207.0,51070.0,242
2673,9.5,56781.0,8010.0,52
2674,17.5,66387.0,69984.0,220
2676,16.3,61560.0,8713.0,50
2678,10.4,33160.0,14179.0,112
2679,8.6,30076.0,11840.0,121
2681,23.3,62689.0,56046.0,247
2682,37.8,60315.0,128289.0,1620
2683,16.4,51394.0,20463.0,19
2684,12.4,58910.0,950.0,0
2686,14.4,60767.0,19938.0,35
2689,27.7,50750.0,9754.0,23
2691,17.1,65379.0,12017.0,43
2693,22.4,58644.0,13188.0,92
2695,18.9,40387.0,1479.0,4
2696,24.4,60695.0,2483.0,5
2697,34.5,73619.0,1160437.0,15923
2699,18.8,52910.0,30939.0,76
2700,17.1,54339.0,21620.0,64
2707,25.2,47175.0,2711.0,0
2708,23.8,68106.0,260213.0,1894
2710,35.7,52510.0,35470.0,76
2711,28.1,50368.0,29993.0,24
2712,50.7,74240.0,163774.0,679
2714,23.7,61129.0,49402.0,110
2715,39.2,67746.0,7235.0,13
2716,37.3,60230.0,25362.0,41
2717,29.1,62300.0,28892.0,10
2718,21.6,48688.0,27037.0,14
2719,30.3,51723.0,58191.0,79
2720,41.5,61808.0,58409.0,44
2722,36.3,57438.0,55062.0,65
2725,15.4,46538.0,14860.0,54
2726,15.9,57280.0,13145.0,59
2727,19.2,50580.0,31605.0,45
2729,74.6,120950.0,236842.0,2704
2731,14.9,50564.0,4147.0,2
2732,28.9,61186.0,78997.0,177
2733,17.4,47681.0,6280.0,5
2734,28.7,71874.0,33419.0,165
2736,10.6,32144.0,21004.0,52
2737,11.3,45889.0,17148.0,579
2738,22.5,51525.0,54885.0,73
2740,13.1,41517.0,29791.0,268
2742,10.2,41382.0,11880.0,39
2743,39.9,80734.0,352802.0,3402
2744,32.2,84021.0,14619.0,61
2745,18.5,50858.0,5131.0,10
2746,24.7,72111.0,52605.0,885
2747,17.5,46300.0,9932.0,60
2749,17.2,57257.0,28544.0,164
2750,16.5,50785.0,10953.0,67
2751,61.1,122035.0,1147532.0,14731
2752,35.9,93462.0,71222.0,511
2753,22.3,48315.0,15749.0,27
2754,34.5,73463.0,27270.0,142
2755,20.5,53522.0,56042.0,117
2756,28.1,77684.0,89313.0,575
2757,18.2,50591.0,16720.0,18
2758,22.8,70938.0,37348.0,86
2759,39.2,89331.0,23753.0,138
2760,12.5,37550.0,15550.0,99
2762,9.0,43533.0,11336.0,386
2764,39.2,91028.0,107766.0,508
2767,23.1,45089.0,2190.0,3
2769,49.6,86541.0,76523.0,396
2770,19.8,51124.0,7025.0,31
2773,30.9,52814.0,10603.0,22
2774,11.4,34796.0,23423.0,27
2775,60.8,140382.0,413538.0,4576
2776,23.4,63714.0,37591.0,147
2778,24.2,60450.0,13261.0,51
2779,28.0,61764.0,8834.0,7
2780,18.4,44832.0,30587.0,271
2781,21.8,54871.0,10582.0,18
2782,45.8,52538.0,98535.0,207
2783,32.1,56690.0,14930.0,28
2786,28.5,55418.0,12095.0,49
2790,13.9,42862.0,17608.0,54
2791,13.9,44710.0,60354.0,197
2792,28.8,88475.0,29652.0,102
2793,28.1,48450.0,22802.0,239
2794,24.0,68133.0,38353.0,280
2795,40.1,106200.0,470335.0,8034
2796,19.4,50834.0,34027.0,57
2798,15.7,49399.0,9023.0,311
2799,34.8,68734.0,94186.0,350
2804,20.1,55283.0,43616.0,637
2806,17.8,52741.0,17631.0,195
2807,31.5,86695.0,136215.0,1124
2808,39.8,108421.0,152882.0,1101
2809,17.6,54663.0,6422.0,21
2810,12.6,43031.0,11159.0,229
2811,15.3,42074.0,40595.0,36
2813,22.5,45510.0,53740.0,100
2814,20.3,51414.0,18015.0,184
2816,18.5,46345.0,28684.0,64
2817,45.4,86317.0,68280.0,191
2819,20.5,49776.0,22582.0,21
2820,30.0,69212.0,204390.0,2895
2822,26.1,57183.0,77331.0,65
2823,29.8,73971.0,488241.0,1434
2826,19.2,65912.0,43429.0,432
2827,18.2,40468.0,7627.0,4
2828,17.3,60483.0,95222.0,2784
2829,25.2,50185.0,2225.0,2
2830,17.6,53688.0,97733.0,934
2831,15.8,48763.0,75061.0,58
2833,41.8,55893.0,32221.0,50
2834,51.4,94822.0,2252782.0,12594
2835,32.2,76530.0,271473.0,338
2837,28.9,56503.0,22425.0,80
2838,16.8,57019.0,80707.0,110
2840,18.0,58239.0,66768.0,70
2841,19.0,48345.0,42243.0,295
2842,18.0,46365.0,22471.0,18
2843,20.2,49750.0,13724.0,18
2844,26.4,75022.0,904980.0,3978
2845,48.6,62249.0,17582.0,22
2846,26.3,70955.0,129205.0,655
2847,23.8,64344.0,12083.0,38
2852,19.0,55692.0,4488.0,5
2854,33.9,62262.0,229247.0,749
2859,8.4,38110.0,21457.0,53
2860,15.1,39292.0,13957.0,6
2861,19.4,48342.0,21939.0,36
2862,25.7,39790.0,91945.0,214
2863,11.0,36384.0,7109.0,4
2864,9.5,35983.0,8508.0,15
2866,15.2,37867.0,42406.0,98
2871,18.5,47299.0,28810.0,54
2874,17.1,48731.0,28576.0,149
2875,30.8,75027.0,57146.0,267
2877,13.3,40691.0,15907.0,25
2878,8.7,39766.0,20409.0,19
2880,5.4,27292.0,17624.0,12
2881,23.4,46244.0,56072.0,127
2883,12.4,43050.0,26516.0,26
2884,20.0,37860.0,58758.0,68
2885,14.7,48578.0,26868.0,71
2886,9.5,32917.0,23424.0,50
2888,13.8,38171.0,13275.0,15
2889,17.3,49487.0,17884.0,20
2890,15.2,38572.0,24496.0,20
2891,30.8,48689.0,41411.0,173
2894,16.3,39467.0,8247.0,38
2895,15.4,47101.0,33432.0,114
2896,26.7,61995.0,56450.0,100
2897,18.3,41298.0,73361.0,95
2899,10.5,43717.0,9554.0,3
2900,12.4,36658.0,13688.0,12
2901,13.9,34768.0,12573.0,2
2904,13.9,46054.0,8591.0,10
2906,15.1,38704.0,39402.0,146
2907,9.3,34054.0,8114.0,2
2911,9.5,35460.0,20394.0,7
2912,12.4,43000.0,20220.0,51
2914,19.9,50344.0,45244.0,69
2915,30.5,53637.0,15036.0,13
2916,29.6,62097.0,264542.0,3462
2917,17.9,59087.0,13031.0,20
2918,20.0,55295.0,15414.0,5
2919,28.7,72645.0,50089.0,184
2921,11.5,55245.0,34774.0,132
2922,23.2,65435.0,57532.0,150
2923,17.8,49200.0,16131.0,47
2924,50.7,71789.0,546695.0,3438
2925,16.5,63608.0,87839.0,557
2926,32.1,61221.0,27668.0,73
2928,28.0,57506.0,45368.0,63
2930,18.3,53188.0,4295.0,6
2931,22.7,59428.0,103403.0,427
2932,15.6,45156.0,9004.0,50
2933,23.0,57328.0,51439.0,243
2935,19.3,55512.0,18913.0,46
2936,24.3,68017.0,23678.0,49
2940,13.6,52891.0,26687.0,73
2942,19.1,63612.0,20434.0,88
2943,34.3,60619.0,118016.0,660
2944,18.9,60711.0,16665.0,86
2945,16.5,51334.0,19189.0,11
2946,18.3,56645.0,27593.0,33
2947,19.9,56466.0,78981.0,189
2949,15.0,50670.0,40350.0,149
2950,14.2,46964.0,15574.0,56
2951,17.2,40682.0,4556.0,10
2953,19.9,58391.0,46253.0,159
2954,16.0,59983.0,37930.0,159
2957,48.4,83014.0,89221.0,159
2960,20.4,59990.0,43783.0,159
2961,32.0,59032.0,70772.0,159
2963,24.7,60349.0,196311.0,159
2964,18.9,53050.0,17252.0,159
2965,21.8,57675.0,163354.0,159
2966,15.8,48448.0,14178.0,159
2967,33.7,82575.0,90687.0,159
2969,23.2,46490.0,16558.0,159
2970,16.1,56022.0,40899.0,159
2971,23.9,61906.0,115340.0,159
2972,14.7,56981.0,20343.0,49
2974,21.8,51692.0,30822.0,45
2975,27.1,47198.0,22195.0,20
2976,28.3,64234.0,103868.0,897
2977,22.3,50482.0,15720.0,7
2978,30.7,75799.0,136034.0,558
2981,15.7,52340.0,24443.0,51
2985,18.8,55195.0,11790.0,31
2986,19.2,78112.0,46341.0,93
2987,20.3,61773.0,14800.0,33
2990,23.5,51204.0,39261.0,421
2991,24.5,51676.0,13211.0,11
2996,22.7,64714.0,79858.0,174
2997,16.6,51036.0,2356.0,2
2999,21.7,54165.0,8393.0,4
3000,30.0,58307.0,30485.0,39
3002,22.0,73315.0,42343.0,171
3004,15.4,63401.0,20226.0,221
3006,19.2,54319.0,6927.0,49
